rank,path,combined_score,clip_score,yolo_score,num_detections,num_interesting
1,/Users/leolu/Desktop/seathru/08-03-2022/2022-03-08_15-28-24rec3/camera/c5443s18.jpg,0.7240,0.5712,0.8847,3,3
2,/Users/leolu/Desktop/seathru/07-03-2022/2022-03-07_13-58-31rec0/camera/c1067s285.jpg,0.3694,0.5683,0.1922,1,1
3,/Users/leolu/Desktop/seathru/07-03-2022/2022-03-07_13-58-31rec0/camera/c1066s285.jpg,0.3371,0.5654,0.1302,1,1
4,/Users/leolu/Desktop/seathru/07-03-2022/2022-03-07_13-58-31rec0/camera/c1095s289.jpg,0.3209,0.5652,0.0998,1,0
5,/Users/leolu/Desktop/seathru/07-03-2022/2022-03-07_13-58-31rec0/camera/c123s42.jpg,0.2745,0.5723,0.0000,0,0
6,/Users/leolu/Desktop/seathru/07-03-2022/2022-03-07_13-58-31rec0/camera/c1063s283.jpg,0.2745,0.5718,0.0000,0,0
7,/Users/leolu/Desktop/seathru/07-03-2022/2022-03-07_13-58-31rec0/camera/c1461s355.jpg,0.2743,0.5700,0.0000,0,0
8,/Users/leolu/Desktop/seathru/07-03-2022/2022-03-07_13-58-31rec0/camera/c125s44.jpg,0.2743,0.5727,0.0000,0,0
9,/Users/leolu/Desktop/seathru/07-03-2022/2022-03-07_13-58-31rec0/camera/c1419s353.jpg,0.2742,0.5722,0.0000,0,0
10,/Users/leolu/Desktop/seathru/07-03-2022/2022-03-07_13-58-31rec0/camera/c1420s353.jpg,0.2741,0.5720,0.0000,0,0
11,/Users/leolu/Desktop/seathru/07-03-2022/2022-03-07_13-58-31rec0/camera/c115s37.jpg,0.2741,0.5699,0.0000,0,0
12,/Users/leolu/Desktop/seathru/07-03-2022/2022-03-07_13-58-31rec0/camera/c122s42.jpg,0.2741,0.5711,0.0000,0,0
13,/Users/leolu/Desktop/seathru/07-03-2022/2022-03-07_13-58-31rec0/camera/c111s35.jpg,0.2740,0.5701,0.0000,0,0
14,/Users/leolu/Desktop/seathru/07-03-2022/2022-03-07_13-58-31rec0/camera/c112s36.jpg,0.2740,0.5699,0.0000,0,0
15,/Users/leolu/Desktop/seathru/07-03-2022/2022-03-07_13-58-31rec0/camera/c101s29.jpg,0.2740,0.5708,0.0000,0,0
16,/Users/leolu/Desktop/seathru/07-03-2022/2022-03-07_13-58-31rec0/camera/c114s37.jpg,0.2738,0.5693,0.0000,0,0
17,/Users/leolu/Desktop/seathru/07-03-2022/2022-03-07_13-58-31rec0/camera/c121s42.jpg,0.2738,0.5703,0.0000,0,0
18,/Users/leolu/Desktop/seathru/07-03-2022/2022-03-07_13-58-31rec0/camera/c1418s352.jpg,0.2737,0.5710,0.0000,0,0
19,/Users/leolu/Desktop/seathru/07-03-2022/2022-03-07_13-58-31rec0/camera/c113s36.jpg,0.2737,0.5692,0.0000,0,0
20,/Users/leolu/Desktop/seathru/07-03-2022/2022-03-07_13-58-31rec0/camera/c1224s315.jpg,0.2737,0.5711,0.0000,0,0
21,/Users/leolu/Desktop/seathru/07-03-2022/2022-03-07_13-58-31rec0/camera/c1414s350.jpg,0.2736,0.5708,0.0000,0,0
22,/Users/leolu/Desktop/seathru/07-03-2022/2022-03-07_13-58-31rec0/camera/c1417s352.jpg,0.2736,0.5708,0.0000,0,0
23,/Users/leolu/Desktop/seathru/07-03-2022/2022-03-07_13-58-31rec0/camera/c1223s314.jpg,0.2736,0.5708,0.0000,0,0
24,/Users/leolu/Desktop/seathru/07-03-2022/2022-03-07_13-58-31rec0/camera/c1201s309.jpg,0.2734,0.5704,0.0000,0,0
25,/Users/leolu/Desktop/seathru/07-03-2022/2022-03-07_13-58-31rec0/camera/c1219s312.jpg,0.2734,0.5705,0.0000,0,0
26,/Users/leolu/Desktop/seathru/07-03-2022/2022-03-07_13-58-31rec0/camera/c100s28.jpg,0.2734,0.5694,0.0000,0,0
27,/Users/leolu/Desktop/seathru/07-03-2022/2022-03-07_13-58-31rec0/camera/c102s29.jpg,0.2733,0.5692,0.0000,0,0
28,/Users/leolu/Desktop/seathru/07-03-2022/2022-03-07_13-58-31rec0/camera/c1411s349.jpg,0.2733,0.5699,0.0000,0,0
29,/Users/leolu/Desktop/seathru/07-03-2022/2022-03-07_13-58-31rec0/camera/c105s30.jpg,0.2733,0.5694,0.0000,0,0
30,/Users/leolu/Desktop/seathru/07-03-2022/2022-03-07_13-58-31rec0/camera/c1402s344.jpg,0.2733,0.5700,0.0000,0,0
31,/Users/leolu/Desktop/seathru/07-03-2022/2022-03-07_13-58-31rec0/camera/c1062s283.jpg,0.2733,0.5688,0.0000,0,0
32,/Users/leolu/Desktop/seathru/07-03-2022/2022-03-07_13-58-31rec0/camera/c116s37.jpg,0.2732,0.5678,0.0000,0,0
33,/Users/leolu/Desktop/seathru/07-03-2022/2022-03-07_13-58-31rec0/camera/c1386s336.jpg,0.2732,0.5711,0.0000,0,0
34,/Users/leolu/Desktop/seathru/07-03-2022/2022-03-07_13-58-31rec0/camera/c1409s347.jpg,0.2732,0.5695,0.0000,0,0
35,/Users/leolu/Desktop/seathru/07-03-2022/2022-03-07_13-58-31rec0/camera/c1462s355.jpg,0.2732,0.5671,0.0000,0,0
36,/Users/leolu/Desktop/seathru/07-03-2022/2022-03-07_13-58-31rec0/camera/c1383s335.jpg,0.2732,0.5712,0.0000,0,0
37,/Users/leolu/Desktop/seathru/07-03-2022/2022-03-07_13-58-31rec0/camera/c109s33.jpg,0.2732,0.5684,0.0000,0,0
38,/Users/leolu/Desktop/seathru/07-03-2022/2022-03-07_13-58-31rec0/camera/c1384s335.jpg,0.2731,0.5711,0.0000,0,0
39,/Users/leolu/Desktop/seathru/07-03-2022/2022-03-07_13-58-31rec0/camera/c1059s281.jpg,0.2731,0.5684,0.0000,0,0
40,/Users/leolu/Desktop/seathru/07-03-2022/2022-03-07_13-58-31rec0/camera/c1220s313.jpg,0.2731,0.5697,0.0000,0,0
41,/Users/leolu/Desktop/seathru/07-03-2022/2022-03-07_13-58-31rec0/camera/c1065s284.jpg,0.2731,0.5681,0.0000,0,0
42,/Users/leolu/Desktop/seathru/07-03-2022/2022-03-07_13-58-31rec0/camera/c1222s314.jpg,0.2730,0.5698,0.0000,0,0
43,/Users/leolu/Desktop/seathru/07-03-2022/2022-03-07_13-58-31rec0/camera/c1179s308.jpg,0.2730,0.5692,0.0000,0,0
44,/Users/leolu/Desktop/seathru/07-03-2022/2022-03-07_13-58-31rec0/camera/c1064s284.jpg,0.2730,0.5680,0.0000,0,0
45,/Users/leolu/Desktop/seathru/07-03-2022/2022-03-07_13-58-31rec0/camera/c1441s354.jpg,0.2730,0.5683,0.0000,0,0
46,/Users/leolu/Desktop/seathru/07-03-2022/2022-03-07_13-58-31rec0/camera/c1180s308.jpg,0.2729,0.5691,0.0000,0,0
47,/Users/leolu/Desktop/seathru/07-03-2022/2022-03-07_13-58-31rec0/camera/c1060s281.jpg,0.2729,0.5679,0.0000,0,0
48,/Users/leolu/Desktop/seathru/07-03-2022/2022-03-07_13-58-31rec0/camera/c1416s351.jpg,0.2729,0.5689,0.0000,0,0
49,/Users/leolu/Desktop/seathru/07-03-2022/2022-03-07_13-58-31rec0/camera/c1071s288.jpg,0.2728,0.5683,0.0000,0,0
50,/Users/leolu/Desktop/seathru/07-03-2022/2022-03-07_13-58-31rec0/camera/c1061s282.jpg,0.2728,0.5677,0.0000,0,0
51,/Users/leolu/Desktop/seathru/07-03-2022/2022-03-07_13-58-31rec0/camera/c1412s349.jpg,0.2728,0.5686,0.0000,0,0
52,/Users/leolu/Desktop/seathru/07-03-2022/2022-03-07_13-58-31rec0/camera/c1387s337.jpg,0.2727,0.5698,0.0000,0,0
53,/Users/leolu/Desktop/seathru/07-03-2022/2022-03-07_13-58-31rec0/camera/c126s44.jpg,0.2727,0.5687,0.0000,0,0
54,/Users/leolu/Desktop/seathru/07-03-2022/2022-03-07_13-58-31rec0/camera/c106s31.jpg,0.2727,0.5678,0.0000,0,0
55,/Users/leolu/Desktop/seathru/07-03-2022/2022-03-07_13-58-31rec0/camera/c120s41.jpg,0.2727,0.5673,0.0000,0,0
56,/Users/leolu/Desktop/seathru/07-03-2022/2022-03-07_13-58-31rec0/camera/c1318s322.jpg,0.2727,0.5693,0.0000,0,0
57,/Users/leolu/Desktop/seathru/07-03-2022/2022-03-07_13-58-31rec0/camera/c108s32.jpg,0.2727,0.5673,0.0000,0,0
58,/Users/leolu/Desktop/seathru/07-03-2022/2022-03-07_13-58-31rec0/camera/c124s43.jpg,0.2727,0.5680,0.0000,0,0
59,/Users/leolu/Desktop/seathru/07-03-2022/2022-03-07_13-58-31rec0/camera/c1319s322.jpg,0.2727,0.5690,0.0000,0,0
60,/Users/leolu/Desktop/seathru/07-03-2022/2022-03-07_13-58-31rec0/camera/c1047s276.jpg,0.2726,0.5679,0.0000,0,0
61,/Users/leolu/Desktop/seathru/07-03-2022/2022-03-07_13-58-31rec0/camera/c1394s340.jpg,0.2726,0.5687,0.0000,0,0
62,/Users/leolu/Desktop/seathru/07-03-2022/2022-03-07_13-58-31rec0/camera/c127s45.jpg,0.2726,0.5684,0.0000,0,0
63,/Users/leolu/Desktop/seathru/07-03-2022/2022-03-07_13-58-31rec0/camera/c1057s280.jpg,0.2726,0.5668,0.0000,0,0
64,/Users/leolu/Desktop/seathru/07-03-2022/2022-03-07_13-58-31rec0/camera/c1058s281.jpg,0.2726,0.5670,0.0000,0,0
65,/Users/leolu/Desktop/seathru/07-03-2022/2022-03-07_13-58-31rec0/camera/c1221s313.jpg,0.2726,0.5684,0.0000,0,0
66,/Users/leolu/Desktop/seathru/07-03-2022/2022-03-07_13-58-31rec0/camera/c103s29.jpg,0.2725,0.5672,0.0000,0,0
67,/Users/leolu/Desktop/seathru/07-03-2022/2022-03-07_13-58-31rec0/camera/c1390s338.jpg,0.2725,0.5690,0.0000,0,0
68,/Users/leolu/Desktop/seathru/07-03-2022/2022-03-07_13-58-31rec0/camera/c1392s339.jpg,0.2725,0.5686,0.0000,0,0
69,/Users/leolu/Desktop/seathru/07-03-2022/2022-03-07_13-58-31rec0/camera/c1385s336.jpg,0.2725,0.5693,0.0000,0,0
70,/Users/leolu/Desktop/seathru/07-03-2022/2022-03-07_13-58-31rec0/camera/c1410s348.jpg,0.2724,0.5674,0.0000,0,0
71,/Users/leolu/Desktop/seathru/07-03-2022/2022-03-07_13-58-31rec0/camera/c1173s305.jpg,0.2724,0.5677,0.0000,0,0
72,/Users/leolu/Desktop/seathru/07-03-2022/2022-03-07_13-58-31rec0/camera/c1171s304.jpg,0.2724,0.5675,0.0000,0,0
73,/Users/leolu/Desktop/seathru/07-03-2022/2022-03-07_13-58-31rec0/camera/c1377s332.jpg,0.2724,0.5691,0.0000,0,0
74,/Users/leolu/Desktop/seathru/07-03-2022/2022-03-07_13-58-31rec0/camera/c1361s324.jpg,0.2724,0.5681,0.0000,0,0
75,/Users/leolu/Desktop/seathru/07-03-2022/2022-03-07_13-58-31rec0/camera/c1413s350.jpg,0.2723,0.5675,0.0000,0,0
76,/Users/leolu/Desktop/seathru/07-03-2022/2022-03-07_13-58-31rec0/camera/c1365s326.jpg,0.2723,0.5688,0.0000,0,0
77,/Users/leolu/Desktop/seathru/07-03-2022/2022-03-07_13-58-31rec0/camera/c1401s344.jpg,0.2723,0.5674,0.0000,0,0
78,/Users/leolu/Desktop/seathru/07-03-2022/2022-03-07_13-58-31rec0/camera/c104s29.jpg,0.2723,0.5666,0.0000,0,0
79,/Users/leolu/Desktop/seathru/07-03-2022/2022-03-07_13-58-31rec0/camera/c1300s320.jpg,0.2723,0.5689,0.0000,0,0
80,/Users/leolu/Desktop/seathru/07-03-2022/2022-03-07_13-58-31rec0/camera/c1032s275.jpg,0.2722,0.5681,0.0000,0,0
81,/Users/leolu/Desktop/seathru/07-03-2022/2022-03-07_13-58-31rec0/camera/c1415s351.jpg,0.2722,0.5672,0.0000,0,0
82,/Users/leolu/Desktop/seathru/07-03-2022/2022-03-07_13-58-31rec0/camera/c1094s289.jpg,0.2722,0.5684,0.0000,0,0
83,/Users/leolu/Desktop/seathru/07-03-2022/2022-03-07_13-58-31rec0/camera/c1369s328.jpg,0.2722,0.5685,0.0000,0,0
84,/Users/leolu/Desktop/seathru/07-03-2022/2022-03-07_13-58-31rec0/camera/c1172s304.jpg,0.2722,0.5669,0.0000,0,0
85,/Users/leolu/Desktop/seathru/07-03-2022/2022-03-07_13-58-31rec0/camera/c1046s276.jpg,0.2721,0.5668,0.0000,0,0
86,/Users/leolu/Desktop/seathru/07-03-2022/2022-03-07_13-58-31rec0/camera/c1177s307.jpg,0.2721,0.5670,0.0000,0,0
87,/Users/leolu/Desktop/seathru/07-03-2022/2022-03-07_13-58-31rec0/camera/c1070s287.jpg,0.2721,0.5663,0.0000,0,0
88,/Users/leolu/Desktop/seathru/07-03-2022/2022-03-07_13-58-31rec0/camera/c117s38.jpg,0.2721,0.5650,0.0000,0,0
89,/Users/leolu/Desktop/seathru/07-03-2022/2022-03-07_13-58-31rec0/camera/c1363s325.jpg,0.2721,0.5681,0.0000,0,0
90,/Users/leolu/Desktop/seathru/07-03-2022/2022-03-07_13-58-31rec0/camera/c0s0.jpg,0.2720,0.5645,0.0000,0,0
91,/Users/leolu/Desktop/seathru/07-03-2022/2022-03-07_13-58-31rec0/camera/c1170s303.jpg,0.2720,0.5664,0.0000,0,0
92,/Users/leolu/Desktop/seathru/07-03-2022/2022-03-07_13-58-31rec0/camera/c1033s275.jpg,0.2720,0.5674,0.0000,0,0
93,/Users/leolu/Desktop/seathru/07-03-2022/2022-03-07_13-58-31rec0/camera/c110s34.jpg,0.2719,0.5652,0.0000,0,0
94,/Users/leolu/Desktop/seathru/07-03-2022/2022-03-07_13-58-31rec0/camera/c1376s331.jpg,0.2719,0.5679,0.0000,0,0
95,/Users/leolu/Desktop/seathru/07-03-2022/2022-03-07_13-58-31rec0/camera/c1159s297.jpg,0.2719,0.5665,0.0000,0,0
96,/Users/leolu/Desktop/seathru/07-03-2022/2022-03-07_13-58-31rec0/camera/c1391s338.jpg,0.2719,0.5675,0.0000,0,0
97,/Users/leolu/Desktop/seathru/07-03-2022/2022-03-07_13-58-31rec0/camera/c1054s280.jpg,0.2719,0.5651,0.0000,0,0
98,/Users/leolu/Desktop/seathru/07-03-2022/2022-03-07_13-58-31rec0/camera/c1169s303.jpg,0.2719,0.5663,0.0000,0,0
99,/Users/leolu/Desktop/seathru/07-03-2022/2022-03-07_13-58-31rec0/camera/c1226s316.jpg,0.2719,0.5667,0.0000,0,0
100,/Users/leolu/Desktop/seathru/07-03-2022/2022-03-07_13-58-31rec0/camera/c1217s311.jpg,0.2719,0.5669,0.0000,0,0
101,/Users/leolu/Desktop/seathru/07-03-2022/2022-03-07_13-58-31rec0/camera/c1362s324.jpg,0.2719,0.5667,0.0000,0,0
102,/Users/leolu/Desktop/seathru/07-03-2022/2022-03-07_13-58-31rec0/camera/c1133s292.jpg,0.2719,0.5670,0.0000,0,0
103,/Users/leolu/Desktop/seathru/07-03-2022/2022-03-07_13-58-31rec0/camera/c1176s306.jpg,0.2719,0.5665,0.0000,0,0
104,/Users/leolu/Desktop/seathru/07-03-2022/2022-03-07_13-58-31rec0/camera/c1403s344.jpg,0.2719,0.5664,0.0000,0,0
105,/Users/leolu/Desktop/seathru/07-03-2022/2022-03-07_13-58-31rec0/camera/c1048s277.jpg,0.2719,0.5659,0.0000,0,0
106,/Users/leolu/Desktop/seathru/07-03-2022/2022-03-07_13-58-31rec0/camera/c1372s330.jpg,0.2719,0.5677,0.0000,0,0
107,/Users/leolu/Desktop/seathru/07-03-2022/2022-03-07_13-58-31rec0/camera/c1225s316.jpg,0.2719,0.5665,0.0000,0,0
108,/Users/leolu/Desktop/seathru/07-03-2022/2022-03-07_13-58-31rec0/camera/c1379s333.jpg,0.2718,0.5678,0.0000,0,0
109,/Users/leolu/Desktop/seathru/07-03-2022/2022-03-07_13-58-31rec0/camera/c1440s354.jpg,0.2718,0.5656,0.0000,0,0
110,/Users/leolu/Desktop/seathru/07-03-2022/2022-03-07_13-58-31rec0/camera/c119s40.jpg,0.2718,0.5649,0.0000,0,0
111,/Users/leolu/Desktop/seathru/07-03-2022/2022-03-07_13-58-31rec0/camera/c1056s280.jpg,0.2718,0.5649,0.0000,0,0
112,/Users/leolu/Desktop/seathru/07-03-2022/2022-03-07_13-58-31rec0/camera/c1320s323.jpg,0.2718,0.5667,0.0000,0,0
113,/Users/leolu/Desktop/seathru/07-03-2022/2022-03-07_13-58-31rec0/camera/c1116s290.jpg,0.2718,0.5665,0.0000,0,0
114,/Users/leolu/Desktop/seathru/07-03-2022/2022-03-07_13-58-31rec0/camera/c1389s338.jpg,0.2718,0.5672,0.0000,0,0
115,/Users/leolu/Desktop/seathru/07-03-2022/2022-03-07_13-58-31rec0/camera/c1393s339.jpg,0.2718,0.5667,0.0000,0,0
116,/Users/leolu/Desktop/seathru/07-03-2022/2022-03-07_13-58-31rec0/camera/c1400s343.jpg,0.2717,0.5660,0.0000,0,0
117,/Users/leolu/Desktop/seathru/07-03-2022/2022-03-07_13-58-31rec0/camera/c1068s286.jpg,0.2717,0.5649,0.0000,0,0
118,/Users/leolu/Desktop/seathru/07-03-2022/2022-03-07_13-58-31rec0/camera/c1161s299.jpg,0.2717,0.5661,0.0000,0,0
119,/Users/leolu/Desktop/seathru/07-03-2022/2022-03-07_13-58-31rec0/camera/c1055s280.jpg,0.2717,0.5646,0.0000,0,0
120,/Users/leolu/Desktop/seathru/07-03-2022/2022-03-07_13-58-31rec0/camera/c1174s305.jpg,0.2717,0.5657,0.0000,0,0
121,/Users/leolu/Desktop/seathru/07-03-2022/2022-03-07_13-58-31rec0/camera/c1378s332.jpg,0.2716,0.5673,0.0000,0,0
122,/Users/leolu/Desktop/seathru/07-03-2022/2022-03-07_13-58-31rec0/camera/c1168s302.jpg,0.2716,0.5657,0.0000,0,0
123,/Users/leolu/Desktop/seathru/07-03-2022/2022-03-07_13-58-31rec0/camera/c1115s290.jpg,0.2716,0.5661,0.0000,0,0
124,/Users/leolu/Desktop/seathru/07-03-2022/2022-03-07_13-58-31rec0/camera/c1405s346.jpg,0.2716,0.5656,0.0000,0,0
125,/Users/leolu/Desktop/seathru/07-03-2022/2022-03-07_13-58-31rec0/camera/c1395s340.jpg,0.2716,0.5662,0.0000,0,0
126,/Users/leolu/Desktop/seathru/07-03-2022/2022-03-07_13-58-31rec0/camera/c1175s306.jpg,0.2716,0.5656,0.0000,0,0
127,/Users/leolu/Desktop/seathru/07-03-2022/2022-03-07_13-58-31rec0/camera/c128s45.jpg,0.2716,0.5659,0.0000,0,0
128,/Users/leolu/Desktop/seathru/07-03-2022/2022-03-07_13-58-31rec0/camera/c1218s311.jpg,0.2716,0.5659,0.0000,0,0
129,/Users/leolu/Desktop/seathru/07-03-2022/2022-03-07_13-58-31rec0/camera/c1246s317.jpg,0.2715,0.5658,0.0000,0,0
130,/Users/leolu/Desktop/seathru/07-03-2022/2022-03-07_13-58-31rec0/camera/c1370s329.jpg,0.2715,0.5668,0.0000,0,0
131,/Users/leolu/Desktop/seathru/07-03-2022/2022-03-07_13-58-31rec0/camera/c1002s273.jpg,0.2715,0.5664,0.0000,0,0
132,/Users/leolu/Desktop/seathru/07-03-2022/2022-03-07_13-58-31rec0/camera/c1404s345.jpg,0.2715,0.5653,0.0000,0,0
133,/Users/leolu/Desktop/seathru/07-03-2022/2022-03-07_13-58-31rec0/camera/c1247s317.jpg,0.2715,0.5656,0.0000,0,0
134,/Users/leolu/Desktop/seathru/07-03-2022/2022-03-07_13-58-31rec0/camera/c1374s331.jpg,0.2715,0.5667,0.0000,0,0
135,/Users/leolu/Desktop/seathru/07-03-2022/2022-03-07_13-58-31rec0/camera/c1366s327.jpg,0.2715,0.5667,0.0000,0,0
136,/Users/leolu/Desktop/seathru/07-03-2022/2022-03-07_13-58-31rec0/camera/c1163s300.jpg,0.2715,0.5654,0.0000,0,0
137,/Users/leolu/Desktop/seathru/07-03-2022/2022-03-07_13-58-31rec0/camera/c1388s337.jpg,0.2714,0.5664,0.0000,0,0
138,/Users/leolu/Desktop/seathru/07-03-2022/2022-03-07_13-58-31rec0/camera/c1132s292.jpg,0.2714,0.5658,0.0000,0,0
139,/Users/leolu/Desktop/seathru/07-03-2022/2022-03-07_13-58-31rec0/camera/c1003s273.jpg,0.2714,0.5660,0.0000,0,0
140,/Users/leolu/Desktop/seathru/07-03-2022/2022-03-07_13-58-31rec0/camera/c1302s321.jpg,0.2714,0.5666,0.0000,0,0
141,/Users/leolu/Desktop/seathru/07-03-2022/2022-03-07_13-58-31rec0/camera/c1203s310.jpg,0.2714,0.5654,0.0000,0,0
142,/Users/leolu/Desktop/seathru/07-03-2022/2022-03-07_13-58-31rec0/camera/c1167s302.jpg,0.2714,0.5650,0.0000,0,0
143,/Users/leolu/Desktop/seathru/07-03-2022/2022-03-07_13-58-31rec0/camera/c1001s272.jpg,0.2714,0.5662,0.0000,0,0
144,/Users/leolu/Desktop/seathru/07-03-2022/2022-03-07_13-58-31rec0/camera/c1200s309.jpg,0.2714,0.5653,0.0000,0,0
145,/Users/leolu/Desktop/seathru/07-03-2022/2022-03-07_13-58-31rec0/camera/c12s1.jpg,0.2713,0.5627,0.0000,0,0
146,/Users/leolu/Desktop/seathru/07-03-2022/2022-03-07_13-58-31rec0/camera/c1399s343.jpg,0.2713,0.5651,0.0000,0,0
147,/Users/leolu/Desktop/seathru/07-03-2022/2022-03-07_13-58-31rec0/camera/c10s1.jpg,0.2713,0.5627,0.0000,0,0
148,/Users/leolu/Desktop/seathru/07-03-2022/2022-03-07_13-58-31rec0/camera/c1297s319.jpg,0.2713,0.5666,0.0000,0,0
149,/Users/leolu/Desktop/seathru/07-03-2022/2022-03-07_13-58-31rec0/camera/c1049s277.jpg,0.2713,0.5644,0.0000,0,0
150,/Users/leolu/Desktop/seathru/07-03-2022/2022-03-07_13-58-31rec0/camera/c1178s307.jpg,0.2713,0.5651,0.0000,0,0
151,/Users/leolu/Desktop/seathru/07-03-2022/2022-03-07_13-58-31rec0/camera/c11s1.jpg,0.2713,0.5627,0.0000,0,0
152,/Users/leolu/Desktop/seathru/07-03-2022/2022-03-07_13-58-31rec0/camera/c1299s320.jpg,0.2713,0.5664,0.0000,0,0
153,/Users/leolu/Desktop/seathru/07-03-2022/2022-03-07_13-58-31rec0/camera/c1408s347.jpg,0.2712,0.5646,0.0000,0,0
154,/Users/leolu/Desktop/seathru/07-03-2022/2022-03-07_13-58-31rec0/camera/c1134s293.jpg,0.2712,0.5652,0.0000,0,0
155,/Users/leolu/Desktop/seathru/07-03-2022/2022-03-07_13-58-31rec0/camera/c118s39.jpg,0.2712,0.5631,0.0000,0,0
156,/Users/leolu/Desktop/seathru/07-03-2022/2022-03-07_13-58-31rec0/camera/c1298s319.jpg,0.2712,0.5664,0.0000,0,0
157,/Users/leolu/Desktop/seathru/07-03-2022/2022-03-07_13-58-31rec0/camera/c1130s291.jpg,0.2712,0.5652,0.0000,0,0
158,/Users/leolu/Desktop/seathru/07-03-2022/2022-03-07_13-58-31rec0/camera/c1160s298.jpg,0.2712,0.5649,0.0000,0,0
159,/Users/leolu/Desktop/seathru/07-03-2022/2022-03-07_13-58-31rec0/camera/c1368s328.jpg,0.2712,0.5660,0.0000,0,0
160,/Users/leolu/Desktop/seathru/07-03-2022/2022-03-07_13-58-31rec0/camera/c13s2.jpg,0.2712,0.5631,0.0000,0,0
161,/Users/leolu/Desktop/seathru/07-03-2022/2022-03-07_13-58-31rec0/camera/c1382s334.jpg,0.2712,0.5661,0.0000,0,0
162,/Users/leolu/Desktop/seathru/07-03-2022/2022-03-07_13-58-31rec0/camera/c1162s299.jpg,0.2712,0.5648,0.0000,0,0
163,/Users/leolu/Desktop/seathru/07-03-2022/2022-03-07_13-58-31rec0/camera/c1375s331.jpg,0.2711,0.5659,0.0000,0,0
164,/Users/leolu/Desktop/seathru/07-03-2022/2022-03-07_13-58-31rec0/camera/c1069s287.jpg,0.2711,0.5639,0.0000,0,0
165,/Users/leolu/Desktop/seathru/07-03-2022/2022-03-07_13-58-31rec0/camera/c1154s295.jpg,0.2711,0.5638,0.0000,0,0
166,/Users/leolu/Desktop/seathru/07-03-2022/2022-03-07_13-58-31rec0/camera/c1381s334.jpg,0.2711,0.5660,0.0000,0,0
167,/Users/leolu/Desktop/seathru/07-03-2022/2022-03-07_13-58-31rec0/camera/c1202s310.jpg,0.2711,0.5647,0.0000,0,0
168,/Users/leolu/Desktop/seathru/07-03-2022/2022-03-07_13-58-31rec0/camera/c1301s321.jpg,0.2711,0.5660,0.0000,0,0
169,/Users/leolu/Desktop/seathru/07-03-2022/2022-03-07_13-58-31rec0/camera/c1004s273.jpg,0.2711,0.5650,0.0000,0,0
170,/Users/leolu/Desktop/seathru/07-03-2022/2022-03-07_13-58-31rec0/camera/c1371s329.jpg,0.2710,0.5655,0.0000,0,0
171,/Users/leolu/Desktop/seathru/07-03-2022/2022-03-07_13-58-31rec0/camera/c1157s296.jpg,0.2709,0.5638,0.0000,0,0
172,/Users/leolu/Desktop/seathru/07-03-2022/2022-03-07_13-58-31rec0/camera/c1000s272.jpg,0.2709,0.5649,0.0000,0,0
173,/Users/leolu/Desktop/seathru/07-03-2022/2022-03-07_13-58-31rec0/camera/c1364s325.jpg,0.2708,0.5651,0.0000,0,0
174,/Users/leolu/Desktop/seathru/07-03-2022/2022-03-07_13-58-31rec0/camera/c1006s274.jpg,0.2708,0.5640,0.0000,0,0
175,/Users/leolu/Desktop/seathru/07-03-2022/2022-03-07_13-58-31rec0/camera/c1380s333.jpg,0.2708,0.5652,0.0000,0,0
176,/Users/leolu/Desktop/seathru/07-03-2022/2022-03-07_13-58-31rec0/camera/c1053s279.jpg,0.2708,0.5624,0.0000,0,0
177,/Users/leolu/Desktop/seathru/07-03-2022/2022-03-07_13-58-31rec0/camera/c1398s342.jpg,0.2708,0.5638,0.0000,0,0
178,/Users/leolu/Desktop/seathru/07-03-2022/2022-03-07_13-58-31rec0/camera/c1321s323.jpg,0.2708,0.5642,0.0000,0,0
179,/Users/leolu/Desktop/seathru/07-03-2022/2022-03-07_13-58-31rec0/camera/c1131s291.jpg,0.2707,0.5641,0.0000,0,0
180,/Users/leolu/Desktop/seathru/07-03-2022/2022-03-07_13-58-31rec0/camera/c1406s346.jpg,0.2707,0.5634,0.0000,0,0
181,/Users/leolu/Desktop/seathru/07-03-2022/2022-03-07_13-58-31rec0/camera/c1005s274.jpg,0.2707,0.5638,0.0000,0,0
182,/Users/leolu/Desktop/seathru/07-03-2022/2022-03-07_13-58-31rec0/camera/c1397s341.jpg,0.2707,0.5638,0.0000,0,0
183,/Users/leolu/Desktop/seathru/07-03-2022/2022-03-07_13-58-31rec0/camera/c1135s294.jpg,0.2707,0.5637,0.0000,0,0
184,/Users/leolu/Desktop/seathru/07-03-2022/2022-03-07_13-58-31rec0/camera/c1407s347.jpg,0.2707,0.5632,0.0000,0,0
185,/Users/leolu/Desktop/seathru/07-03-2022/2022-03-07_13-58-31rec0/camera/c1072s288.jpg,0.2706,0.5631,0.0000,0,0
186,/Users/leolu/Desktop/seathru/07-03-2022/2022-03-07_13-58-31rec0/camera/c1165s300.jpg,0.2706,0.5635,0.0000,0,0
187,/Users/leolu/Desktop/seathru/07-03-2022/2022-03-07_13-58-31rec0/camera/c1166s301.jpg,0.2706,0.5632,0.0000,0,0
188,/Users/leolu/Desktop/seathru/07-03-2022/2022-03-07_13-58-31rec0/camera/c1367s327.jpg,0.2705,0.5643,0.0000,0,0
189,/Users/leolu/Desktop/seathru/07-03-2022/2022-03-07_13-58-31rec0/camera/c1164s300.jpg,0.2705,0.5632,0.0000,0,0
190,/Users/leolu/Desktop/seathru/07-03-2022/2022-03-07_13-58-31rec0/camera/c1373s330.jpg,0.2705,0.5642,0.0000,0,0
191,/Users/leolu/Desktop/seathru/07-03-2022/2022-03-07_13-58-31rec0/camera/c1396s341.jpg,0.2702,0.5627,0.0000,0,0
192,/Users/leolu/Desktop/seathru/07-03-2022/2022-03-07_13-58-31rec0/camera/c1155s295.jpg,0.2702,0.5615,0.0000,0,0
193,/Users/leolu/Desktop/seathru/07-03-2022/2022-03-07_13-58-31rec0/camera/c1158s297.jpg,0.2700,0.5616,0.0000,0,0
194,/Users/leolu/Desktop/seathru/07-03-2022/2022-03-07_13-58-31rec0/camera/c1136s294.jpg,0.2700,0.5621,0.0000,0,0
195,/Users/leolu/Desktop/seathru/07-03-2022/2022-03-07_13-58-31rec0/camera/c1156s296.jpg,0.2700,0.5613,0.0000,0,0
196,/Users/leolu/Desktop/seathru/07-03-2022/2022-03-07_13-58-31rec0/camera/c1052s279.jpg,0.2699,0.5604,0.0000,0,0
197,/Users/leolu/Desktop/seathru/07-03-2022/2022-03-07_13-58-31rec0/camera/c1281s318.jpg,0.2696,0.5618,0.0000,0,0
198,/Users/leolu/Desktop/seathru/07-03-2022/2022-03-07_13-58-31rec0/camera/c1050s278.jpg,0.2694,0.5595,0.0000,0,0
199,/Users/leolu/Desktop/seathru/07-03-2022/2022-03-07_13-58-31rec0/camera/c1051s278.jpg,0.2686,0.5576,0.0000,0,0
200,/Users/leolu/Desktop/seathru/07-03-2022/2022-03-07_13-58-31rec0/camera/c1282s318.jpg,0.2686,0.5595,0.0000,0,0
